<?xml version="1.0" encoding="UTF-8"?>
<GenRun Id="synth_1" LaunchPart="xc7z020clg400-1" LaunchTime="1758678918">
  <File Type="PA-TCL" Name="lab_2_wrapper.tcl"/>
  <File Type="RDS-PROPCONSTRS" Name="lab_2_wrapper_drc_synth.rpt"/>
  <File Type="REPORTS-TCL" Name="lab_2_wrapper_reports.tcl"/>
  <File Type="RDS-RDS" Name="lab_2_wrapper.vds"/>
  <File Type="RDS-UTIL" Name="lab_2_wrapper_utilization_synth.rpt"/>
  <File Type="RDS-UTIL-PB" Name="lab_2_wrapper_utilization_synth.pb"/>
  <File Type="RDS-DCP" Name="lab_2_wrapper.dcp"/>
  <File Type="VDS-TIMINGSUMMARY" Name="lab_2_wrapper_timing_summary_synth.rpt"/>
  <File Type="VDS-TIMING-PB" Name="lab_2_wrapper_timing_summary_synth.pb"/>
  <FileSet Name="sources" Type="DesignSrcs" RelSrcDir="$PSRCDIR/sources_1">
    <Filter Type="Srcs"/>
    <File Path="$PSRCDIR/sources_1/imports/Downloads/ALU_Comp.vhd">
      <FileInfo>
        <Attr Name="ImportPath" Val="$PPRDIR/../Downloads/ALU_Comp.vhd"/>
        <Attr Name="ImportTime" Val="1757988936"/>
        <Attr Name="UsedIn" Val="synthesis"/>
        <Attr Name="UsedIn" Val="simulation"/>
      </FileInfo>
    </File>
    <File Path="$PSRCDIR/sources_1/imports/Downloads/ALU_Logical.vhd">
      <FileInfo>
        <Attr Name="ImportPath" Val="$PPRDIR/../Downloads/ALU_Logical.vhd"/>
        <Attr Name="ImportTime" Val="1757989192"/>
        <Attr Name="UsedIn" Val="synthesis"/>
        <Attr Name="UsedIn" Val="simulation"/>
      </FileInfo>
    </File>
    <File Path="$PSRCDIR/sources_1/imports/Downloads/ALU_Shift.vhd">
      <FileInfo>
        <Attr Name="ImportPath" Val="$PPRDIR/../Downloads/ALU_Shift.vhd"/>
        <Attr Name="ImportTime" Val="1757988917"/>
        <Attr Name="UsedIn" Val="synthesis"/>
        <Attr Name="UsedIn" Val="simulation"/>
      </FileInfo>
    </File>
    <File Path="$PSRCDIR/sources_1/imports/Downloads/ECE1195_repo/Arith_Unit/src/Arith_Unit.vhd">
      <FileInfo>
        <Attr Name="ImportPath" Val="$PPRDIR/../Downloads/ECE1195_repo/Arith_Unit/src/Arith_Unit.vhd"/>
        <Attr Name="ImportTime" Val="1757989416"/>
        <Attr Name="UsedIn" Val="synthesis"/>
        <Attr Name="UsedIn" Val="simulation"/>
      </FileInfo>
    </File>
    <File Path="$PSRCDIR/sources_1/imports/Downloads/ALU_Imp.vhd">
      <FileInfo>
        <Attr Name="ImportPath" Val="$PPRDIR/../Downloads/ALU_Imp.vhd"/>
        <Attr Name="ImportTime" Val="1757988868"/>
        <Attr Name="UsedIn" Val="synthesis"/>
        <Attr Name="UsedIn" Val="simulation"/>
      </FileInfo>
    </File>
    <File Path="$PSRCDIR/sources_1/bd/lab_2/lab_2.bd">
      <FileInfo>
        <Attr Name="UsedIn" Val="synthesis"/>
        <Attr Name="UsedIn" Val="implementation"/>
        <Attr Name="UsedIn" Val="simulation"/>
      </FileInfo>
    </File>
    <File Path="$PSRCDIR/sources_1/bd/lab_2/hdl/lab_2_wrapper.vhd">
      <FileInfo>
        <Attr Name="UsedIn" Val="synthesis"/>
        <Attr Name="UsedIn" Val="simulation"/>
      </FileInfo>
    </File>
    <Config>
      <Option Name="DesignMode" Val="RTL"/>
      <Option Name="TopModule" Val="lab_2_wrapper"/>
    </Config>
  </FileSet>
  <FileSet Name="constrs_in" Type="Constrs" RelSrcDir="$PSRCDIR/constrs_1">
    <Filter Type="Constrs"/>
    <File Path="$PSRCDIR/constrs_1/imports/Downloads/PYNQ-Z1_C.xdc">
      <FileInfo>
        <Attr Name="ImportPath" Val="$PPRDIR/../Downloads/PYNQ-Z1_C.xdc"/>
        <Attr Name="ImportTime" Val="1756374546"/>
        <Attr Name="UsedIn" Val="synthesis"/>
        <Attr Name="UsedIn" Val="implementation"/>
      </FileInfo>
    </File>
    <Config>
      <Option Name="ConstrsType" Val="XDC"/>
    </Config>
  </FileSet>
  <FileSet Name="utils" Type="Utils" RelSrcDir="$PSRCDIR/utils_1">
    <Filter Type="Utils"/>
    <Config>
      <Option Name="TopAutoSet" Val="TRUE"/>
    </Config>
  </FileSet>
  <Strategy Version="1" Minor="2">
    <StratHandle Name="Vivado Synthesis Defaults" Flow="Vivado Synthesis 2018"/>
    <Step Id="synth_design"/>
  </Strategy>
  <BlockFileSet Type="BlockSrcs" Name="lab_2_axi_regmap_0_0"/>
  <BlockFileSet Type="BlockSrcs" Name="lab_2_ALU_Imp_0_0"/>
  <BlockFileSet Type="BlockSrcs" Name="lab_2_rst_ps7_0_100M_0"/>
  <BlockFileSet Type="BlockSrcs" Name="lab_2_processing_system7_0_0"/>
</GenRun>
